"","title","hit","url_val"
"1","국토 70%가 산이라는걸 체감한 계기.tweet","10","https://www.clien.net/service/board/park/14745571?od=T31&po=0&category=&groupCd=community"
"2","토요일날.","3","https://www.clien.net/service/board/park/14745570?od=T31&po=0&category=&groupCd=community"
"3","마스크 무용론에 대한 우리가족 생각","50","https://www.clien.net/service/board/park/14745569?od=T31&po=0&category=&groupCd=community"
"4","닌텐도 스위치가 떡상했네요","174","https://www.clien.net/service/board/park/14745566?od=T31&po=0&category=&groupCd=community"
"5","텐X 5종 리뷰.jpg","329","https://www.clien.net/service/board/park/14745564?od=T31&po=0&category=&groupCd=community"
"6","표창원 N번방 박사, 해외면 종신형..우리나라 형량은..","269","https://www.clien.net/service/board/park/14745563?od=T31&po=0&category=&groupCd=community"
"7","오늘자 한국 개신교 상황....","1076","https://www.clien.net/service/board/park/14745561?od=T31&po=0&category=&groupCd=community"
"8","울산도 절반이상의 교회가 예배강행 했네용.","560","https://www.clien.net/service/board/park/14745560?od=T31&po=0&category=&groupCd=community"
"9","미 공화당 랜드 폴 상원의원, 코로나-19 확진.news","367","https://www.clien.net/service/board/park/14745559?od=T31&po=0&category=&groupCd=community"
"10","여자에게 잘 껄떡대는 남자가 여자를 많이 만나더라구요","797","https://www.clien.net/service/board/park/14745558?od=T31&po=0&category=&groupCd=community"
"11","외장하드 때문에 조마조마했네요","177","https://www.clien.net/service/board/park/14745555?od=T31&po=0&category=&groupCd=community"
"12","넷플릭스<U+2022>단독) '사냥의 시간' 공식 예고편","566","https://www.clien.net/service/board/park/14745554?od=T31&po=0&category=&groupCd=community"
"13","갈라치기 하는 알바들에게","343","https://www.clien.net/service/board/park/14745552?od=T31&po=0&category=&groupCd=community"
"14","요즘 말할때 문제가 생깁니다. 술이 문제인지 나이 때문인지..","265","https://www.clien.net/service/board/park/14745551?od=T31&po=0&category=&groupCd=community"
"15","속보) 아베 총리 - 올림픽 연기를 첫 언급","1080","https://www.clien.net/service/board/park/14745550?od=T31&po=0&category=&groupCd=community"
"16","중국에서 격리됐을때 받은 식사.jpg","1757","https://www.clien.net/service/board/park/14745549?od=T31&po=0&category=&groupCd=community"
"17","TV조선은 정도를 넘는것 같은데요","722","https://www.clien.net/service/board/park/14745547?od=T31&po=0&category=&groupCd=community"
"18","\(ㅇㅁㅇ)/ 일 하 기 싫 어 !","139","https://www.clien.net/service/board/park/14745545?od=T31&po=0&category=&groupCd=community"
"19","페이스북 특정인이 글쓰면 도대체 알람이 왜 안울리나요","15","https://www.clien.net/service/board/kin/14745544?od=T31&po=0&category=&groupCd=community"
"20","감자가 도착했습니다.jpg","1041","https://www.clien.net/service/board/park/14745542?od=T31&po=0&category=&groupCd=community"
"21","김남국후보 후원계좌 열렸습니다.....","243","https://www.clien.net/service/board/park/14745541?od=T31&po=0&category=&groupCd=community"
"22","권순정 페북에서 마음에 안드는 점.txt","1008","https://www.clien.net/service/board/park/14745540?od=T31&po=0&category=&groupCd=community"
"23","와이프가 동숲을 하고 싶어 하는데 말이죠.","1055","https://www.clien.net/service/board/park/14745539?od=T31&po=0&category=&groupCd=community"
"24","영화 '사냥의 시간' 넷플릭스 직행은 큰 충격을 주네요.....","1500","https://www.clien.net/service/board/park/14745537?od=T31&po=0&category=&groupCd=community"
"25","EBS초등 라이브특강 서버다운됐네요. ㅜㅜ","618","https://www.clien.net/service/board/park/14745535?od=T31&po=0&category=&groupCd=community"
"26","무교입장에서 천주교와 코리안스타일 개신교는 구분합니다!","624","https://www.clien.net/service/board/park/14745534?od=T31&po=0&category=&groupCd=community"
"27","오영환 힘내라!!","1355","https://www.clien.net/service/board/park/14745533?od=T31&po=0&category=&groupCd=community"
"28","3개월 정도 뒤에 미국에 가야 합니다. 영어공부를 어떻게 하는게 좋을까요?","90","https://www.clien.net/service/board/kin/14745531?od=T31&po=0&category=&groupCd=community"
"29","악마 종자들이 실체를 드러내기 시작했네요 ㅎㄷ","2365","https://www.clien.net/service/board/park/14745528?od=T31&po=0&category=&groupCd=community"
"30","급여계좌 증권사 계좌 가능한가요?","56","https://www.clien.net/service/board/kin/14745527?od=T31&po=0&category=&groupCd=community"
